Workbook

Sheet Stakeholder Map
A1: Stakeholder Analysis – Sistem Informasi Klinik Terintegrasi (Klinik Sehat Bersama)
A2: Mata kuliah: Rekayasa Arsitektur Basis Data | Skala Power & Interest: 1 (sangat rendah) – 5 (sangat tinggi)
A3: Ambang High (≥) | B3: 4 | C3: Nilai ≥ ambang dianggap High, di bawahnya Low. Kolom Power, Interest, dan ambang (sel biru) dapat diubah; posisi grid dan strategi umum akan terhitung ulang. Ambang 4 mengikuti contoh kasus e-learning pada modul (nilai 3 = Low, 4 = High).
A5: No | B5: Stakeholder | C5: Peran dalam Proyek | D5: Kebutuhan / Kepentingan | E5: Power (1–5) | F5: Interest (1–5) | G5: Alasan Nilai Power | H5: Alasan Nilai Interest | I5: Posisi pada Power–Interest Grid | J5: Strategi Umum (sesuai kuadran) | K5: Strategi Spesifik | L5: Sumber
A6: 1 | B6: Pemilik Klinik | C6: Sponsor/penyandang dana; pemilik bisnis klinik | D6: Sistem meningkatkan kualitas pelayanan dan mendukung pengembangan bisnis | E6: 5 | F6: 4 | G6: Memegang keputusan akhir atas investasi, anggaran, dan kelanjutan proyek. Karena anggaran terbatas, Pemilik yang menentukan fitur mana yang didanai lebih dulu. | H6: Hasil proyek berdampak langsung pada reputasi dan pertumbuhan bisnis. Tidak diberi 5 karena tidak terlibat dalam operasional harian. | I6: =IF(AND(E6>=$B$3,F6>=$B$3),"Kelola Secara Dekat",IF(E6>=$B$3,"Jaga Kepuasan",IF(F6>=$B$3,"Libatkan & Komunikasi Rutin","Cukup Dimonitor"))) -> Kelola Secara Dekat | J6: =INDEX('Strategi Kuadran'!$D$5:$D$8,MATCH(I6,'Strategi Kuadran'!$A$5:$A$8,0)) -> Libatkan secara intensif dalam pengambilan keputusan, desain, dan pengujian; komunikasi dua arah dan sering. | K6: Laporan ringkas berkala (progres, biaya, risiko); minta keputusan prioritas fitur (pendekatan bertahap/MVP) sesuai anggaran. | L6: Studi kasus
A7: 2 | B7: Kepala Klinik | C7: Pemimpin proyek; penghubung manajemen dan tim proyek | D7: Sistem yang mengintegrasikan proses pelayanan dan menyediakan informasi untuk pengambilan keputusan | E7: 5 | F7: 5 | G7: Memimpin proyek: menetapkan ruang lingkup, jadwal, dan koordinasi seluruh pihak; keputusan operasional proyek ada di tangannya. | H7: Keberhasilan proyek menjadi tanggung jawab langsung, dan laporan manajemen dari sistem menjadi dasar keputusannya. | I7: =IF(AND(E7>=$B$3,F7>=$B$3),"Kelola Secara Dekat",IF(E7>=$B$3,"Jaga Kepuasan",IF(F7>=$B$3,"Libatkan & Komunikasi Rutin","Cukup Dimonitor"))) -> Kelola Secara Dekat | J7: =INDEX('Strategi Kuadran'!$D$5:$D$8,MATCH(I7,'Strategi Kuadran'!$A$5:$A$8,0)) -> Libatkan secara intensif dalam pengambilan keputusan, desain, dan pengujian; komunikasi dua arah dan sering. | K7: Jadikan sebagai ketua steering committee; rapat progres mingguan; sepakati project charter dan jadwal sejak awal. | L7: Studi kasus
A8: 3 | B8: Divisi IT | C8: Implementasi, keamanan, integrasi, dan pemeliharaan sistem | D8: Sistem aman, dapat diintegrasikan dengan aplikasi yang ada, dan mudah dipelihara | E8: 4 | F8: 5 | G8: Mengendalikan aspek teknis (integrasi, keamanan, hak akses, pemeliharaan). Tidak diberi 5 karena bukan pengambil keputusan anggaran dan strategi. | H8: Menanggung operasional sistem jangka panjang; masalah keamanan atau integrasi menjadi beban langsung divisi ini. | I8: =IF(AND(E8>=$B$3,F8>=$B$3),"Kelola Secara Dekat",IF(E8>=$B$3,"Jaga Kepuasan",IF(F8>=$B$3,"Libatkan & Komunikasi Rutin","Cukup Dimonitor"))) -> Kelola Secara Dekat | J8: =INDEX('Strategi Kuadran'!$D$5:$D$8,MATCH(I8,'Strategi Kuadran'!$A$5:$A$8,0)) -> Libatkan secara intensif dalam pengambilan keputusan, desain, dan pengujian; komunikasi dua arah dan sering. | K8: Koordinasi intensif dengan vendor; libatkan sejak desain arsitektur, kebijakan hak akses (role-based), dan backup data. | L8: Studi kasus
A9: 4 | B9: Dokter | C9: Pengguna utama: konsultasi, pemeriksaan, rekam medis, resep | D9: Akses cepat ke riwayat kesehatan pasien dan hasil pemeriksaan | E9: 4 | F9: 5 | G9: Otoritas klinis dan pengisi rekam medis. Jika dokter menolak atau tidak disiplin menggunakan sistem, data rekam medis tidak lengkap dan adopsi gagal. Tidak 5 karena tidak mengatur anggaran dan kebijakan proyek. | H9: Rekam medis dan pemeriksaan adalah inti pekerjaan harian; kualitas sistem langsung memengaruhi kecepatan dan ketepatan layanan. | I9: =IF(AND(E9>=$B$3,F9>=$B$3),"Kelola Secara Dekat",IF(E9>=$B$3,"Jaga Kepuasan",IF(F9>=$B$3,"Libatkan & Komunikasi Rutin","Cukup Dimonitor"))) -> Kelola Secara Dekat | J9: =INDEX('Strategi Kuadran'!$D$5:$D$8,MATCH(I9,'Strategi Kuadran'!$A$5:$A$8,0)) -> Libatkan secara intensif dalam pengambilan keputusan, desain, dan pengujian; komunikasi dua arah dan sering. | K9: Libatkan perwakilan dokter dalam workshop kebutuhan rekam medis dan resep; uji coba (pilot); tampung masukan secara cepat. | L9: Studi kasus
A10: 5 | B10: Perawat | C10: Pengguna: pencatatan tindakan dan kondisi pasien | D10: Sistem yang mudah digunakan untuk mencatat tindakan dan kondisi pasien | E10: 3 | F10: 5 | G10: Berpengaruh pada kelengkapan data klinis dan adopsi di lapangan, tetapi tidak menentukan keputusan proyek. | H10: Mencatat data setiap hari; cara kerja berubah dari manual ke digital sehingga butuh adaptasi dan pelatihan. | I10: =IF(AND(E10>=$B$3,F10>=$B$3),"Kelola Secara Dekat",IF(E10>=$B$3,"Jaga Kepuasan",IF(F10>=$B$3,"Libatkan & Komunikasi Rutin","Cukup Dimonitor"))) -> Libatkan & Komunikasi Rutin | J10: =INDEX('Strategi Kuadran'!$D$5:$D$8,MATCH(I10,'Strategi Kuadran'!$A$5:$A$8,0)) -> Beri informasi rutin, pelatihan, dan ruang masukan; mereka pendukung adopsi dan sumber kebutuhan pengguna. | K10: Pelatihan bertahap, antarmuka sederhana, tunjuk 'super user' dari perawat, sediakan panduan singkat. | L10: Studi kasus
A11: 6 | B11: Petugas Pendaftaran | C11: Pengguna: pendaftaran pasien dan pengelolaan data pasien | D11: Proses pendaftaran lebih cepat sehingga antrean berkurang | E11: 2 | F11: 5 | G11: Pengaruhnya terbatas pada modul pendaftaran; memberi masukan alur, tetapi bukan pengambil keputusan. | H11: Garda terdepan layanan; proses yang paling terasa berubah dari pencatatan manual, dan efisiensi langsung terlihat pada antrean. | I11: =IF(AND(E11>=$B$3,F11>=$B$3),"Kelola Secara Dekat",IF(E11>=$B$3,"Jaga Kepuasan",IF(F11>=$B$3,"Libatkan & Komunikasi Rutin","Cukup Dimonitor"))) -> Libatkan & Komunikasi Rutin | J11: =INDEX('Strategi Kuadran'!$D$5:$D$8,MATCH(I11,'Strategi Kuadran'!$A$5:$A$8,0)) -> Beri informasi rutin, pelatihan, dan ruang masukan; mereka pendukung adopsi dan sumber kebutuhan pengguna. | K11: Uji coba alur pendaftaran (UAT), pelatihan, kanal masukan cepat selama masa awal penggunaan. | L11: Studi kasus
A12: 7 | B12: Apoteker | C12: Pengelola resep dan stok obat | D12: Informasi resep yang akurat dan stok obat yang selalu diperbarui | E12: 3 | F12: 4 | G12: Menentukan kebutuhan modul farmasi dan validasi resep; bergantung pada integrasi dengan dokter, tetapi tidak menentukan arah proyek. | H12: Kesalahan resep atau stok berdampak langsung pada keselamatan pasien dan operasional farmasi; dampak terpusat di modul farmasi, sehingga 4. | I12: =IF(AND(E12>=$B$3,F12>=$B$3),"Kelola Secara Dekat",IF(E12>=$B$3,"Jaga Kepuasan",IF(F12>=$B$3,"Libatkan & Komunikasi Rutin","Cukup Dimonitor"))) -> Libatkan & Komunikasi Rutin | J12: =INDEX('Strategi Kuadran'!$D$5:$D$8,MATCH(I12,'Strategi Kuadran'!$A$5:$A$8,0)) -> Beri informasi rutin, pelatihan, dan ruang masukan; mereka pendukung adopsi dan sumber kebutuhan pengguna. | K12: Validasi alur resep-ke-stok bersama apoteker; UAT modul farmasi; informasikan jadwal rilis fitur stok. | L12: Studi kasus
A13: 8 | B13: Petugas Kasir/Keuangan | C13: Pengguna: pembayaran dan laporan transaksi | D13: Pencatatan pembayaran dan laporan transaksi yang akurat | E13: 3 | F13: 4 | G13: Menentukan kebutuhan modul pembayaran dan laporan keuangan, tetapi tidak memegang kendali anggaran proyek. | H13: Akurasi transaksi dan laporan adalah tugas utamanya; hasil proyek langsung memengaruhi pekerjaannya. | I13: =IF(AND(E13>=$B$3,F13>=$B$3),"Kelola Secara Dekat",IF(E13>=$B$3,"Jaga Kepuasan",IF(F13>=$B$3,"Libatkan & Komunikasi Rutin","Cukup Dimonitor"))) -> Libatkan & Komunikasi Rutin | J13: =INDEX('Strategi Kuadran'!$D$5:$D$8,MATCH(I13,'Strategi Kuadran'!$A$5:$A$8,0)) -> Beri informasi rutin, pelatihan, dan ruang masukan; mereka pendukung adopsi dan sumber kebutuhan pengguna. | K13: UAT modul pembayaran, uji rekonsiliasi laporan transaksi, pelatihan, dan kanal pelaporan masalah. | L13: Studi kasus
A14: 9 | B14: Vendor Pengembang | C14: Pihak eksternal yang membangun dan menyesuaikan sistem | D14: Kebutuhan dan ruang lingkup yang jelas, jadwal realistis, dan pembayaran kontrak | E14: 4 | F14: 3 | G14: Memegang kendali teknis pengembangan, kualitas, dan jadwal; klinik bergantung pada vendor untuk hasil akhir. | H14: Berkepentingan pada penyelesaian kontrak dan reputasi, tetapi tidak terdampak langsung oleh operasional klinik; diasumsikan juga menangani proyek lain. | I14: =IF(AND(E14>=$B$3,F14>=$B$3),"Kelola Secara Dekat",IF(E14>=$B$3,"Jaga Kepuasan",IF(F14>=$B$3,"Libatkan & Komunikasi Rutin","Cukup Dimonitor"))) -> Jaga Kepuasan | J14: =INDEX('Strategi Kuadran'!$D$5:$D$8,MATCH(I14,'Strategi Kuadran'!$A$5:$A$8,0)) -> Pastikan harapan mereka terpenuhi tanpa membebani dengan informasi detail; hindari kejutan. | K14: Kontrak dan SLA yang jelas, pelaporan milestone, kontrol perubahan kebutuhan (change request), jaga hubungan baik. | L14: Studi kasus
A15: 10 | B15: Pasien | C15: Pengguna layanan (eksternal) | D15: Pendaftaran dan pelayanan lebih cepat, informasi akurat, data pribadi terjaga | E15: 2 | F15: 4 | G15: Tidak ikut memutuskan proyek; pengaruhnya tidak langsung melalui kepuasan, keluhan, atau pindah ke klinik lain. | H15: Pengalaman layanan dan pengelolaan data kesehatannya dipengaruhi langsung oleh sistem, tetapi tidak terlibat dalam kegiatan proyek. | I15: =IF(AND(E15>=$B$3,F15>=$B$3),"Kelola Secara Dekat",IF(E15>=$B$3,"Jaga Kepuasan",IF(F15>=$B$3,"Libatkan & Komunikasi Rutin","Cukup Dimonitor"))) -> Libatkan & Komunikasi Rutin | J15: =INDEX('Strategi Kuadran'!$D$5:$D$8,MATCH(I15,'Strategi Kuadran'!$A$5:$A$8,0)) -> Beri informasi rutin, pelatihan, dan ruang masukan; mereka pendukung adopsi dan sumber kebutuhan pengguna. | K15: Survei kepuasan, pengumuman perubahan layanan, kanal keluhan, dan informasi singkat tentang perlindungan data. | L15: Studi kasus
A16: 11 | B16: Regulator (Otoritas Kesehatan & Pelindungan Data) | C16: Pihak eksternal pengawas kepatuhan rekam medis dan data pribadi | D16: Sistem memenuhi kewajiban pencatatan rekam medis dan pelindungan data pribadi pasien | E16: 4 | F16: 2 | G16: Dapat memberi sanksi atau memengaruhi izin operasional bila sistem melanggar ketentuan rekam medis dan pelindungan data. | H16: Tidak peduli pada proyek ini secara khusus; baru berkepentingan saat ada audit, inspeksi, atau pelanggaran. | I16: =IF(AND(E16>=$B$3,F16>=$B$3),"Kelola Secara Dekat",IF(E16>=$B$3,"Jaga Kepuasan",IF(F16>=$B$3,"Libatkan & Komunikasi Rutin","Cukup Dimonitor"))) -> Jaga Kepuasan | J16: =INDEX('Strategi Kuadran'!$D$5:$D$8,MATCH(I16,'Strategi Kuadran'!$A$5:$A$8,0)) -> Pastikan harapan mereka terpenuhi tanpa membebani dengan informasi detail; hindari kejutan. | K16: Susun checklist kepatuhan sejak desain (audit log, hak akses, retensi data); verifikasi ketentuan terbaru sebelum implementasi. | L16: Tambahan analisis
A17: 12 | B17: Supplier Obat | C17: Pemasok obat (eksternal) | D17: Pemesanan yang teratur dan pembayaran tepat waktu | E17: 2 | F17: 2 | G17: Memengaruhi ketersediaan obat, tetapi tidak memengaruhi keputusan atau jalannya proyek sistem. | H17: Dampak tidak langsung; hanya akan merasakan perubahan jika pemesanan terhubung dengan data stok. | I17: =IF(AND(E17>=$B$3,F17>=$B$3),"Kelola Secara Dekat",IF(E17>=$B$3,"Jaga Kepuasan",IF(F17>=$B$3,"Libatkan & Komunikasi Rutin","Cukup Dimonitor"))) -> Cukup Dimonitor | J17: =INDEX('Strategi Kuadran'!$D$5:$D$8,MATCH(I17,'Strategi Kuadran'!$A$5:$A$8,0)) -> Pantau dengan usaha minimal; naikkan prioritas bila posisinya berubah. | K17: Pantau saja; informasikan bila ada perubahan format pemesanan akibat sistem stok baru. | L17: Tambahan analisis
A19: Catatan: Stakeholder bersumber 'Studi kasus' berasal langsung dari teks kasus; 'Tambahan analisis' (Regulator dan Supplier Obat) adalah asumsi penulis berdasarkan konteks (data pasien, pengelolaan stok obat) dan dapat dihapus bila tidak dikehendaki. Semua nilai Power/Interest adalah penilaian subjektif berdasarkan argumentasi pada kolom alasan.

Sheet Strategi Kuadran
A1: Strategi Pengelolaan Stakeholder per Kuadran
A2: Jumlah stakeholder dihitung otomatis dari sheet Stakeholder Map; daftar nama stakeholder diketik sesuai hasil saat ini.
A4: Kuadran | B4: Kriteria | C4: Kategori (Mendelow) | D4: Strategi | E4: Jumlah Stakeholder | F4: Stakeholder | G4: Bentuk & Frekuensi Komunikasi
A5: Kelola Secara Dekat | B5: Power ≥ 4 dan Interest ≥ 4 | C5: High Power – High Interest (Manage Closely) | D5: Libatkan secara intensif dalam pengambilan keputusan, desain, dan pengujian; komunikasi dua arah dan sering. | E5: =COUNTIF('Stakeholder Map'!$I$6:$I$17,A5) -> 4 | F5: Pemilik Klinik, Kepala Klinik, Divisi IT, Dokter | G5: Rapat mingguan/dua mingguan, steering committee, workshop kebutuhan, review progres dan risiko
A6: Jaga Kepuasan | B6: Power ≥ 4 dan Interest ≤ 3 | C6: High Power – Low Interest (Keep Satisfied) | D6: Pastikan harapan mereka terpenuhi tanpa membebani dengan informasi detail; hindari kejutan. | E6: =COUNTIF('Stakeholder Map'!$I$6:$I$17,A6) -> 2 | F6: Vendor Pengembang, Regulator | G6: Laporan milestone ringkas, SLA/kontrak, checklist kepatuhan, pertemuan berkala saat milestone
A7: Libatkan & Komunikasi Rutin | B7: Power ≤ 3 dan Interest ≥ 4 | C7: Low Power – High Interest (Keep Informed) | D7: Beri informasi rutin, pelatihan, dan ruang masukan; mereka pendukung adopsi dan sumber kebutuhan pengguna. | E7: =COUNTIF('Stakeholder Map'!$I$6:$I$17,A7) -> 5 | F7: Perawat, Petugas Pendaftaran, Apoteker, Petugas Kasir/Keuangan, Pasien | G7: Pelatihan, UAT/pilot, kanal feedback, pengumuman perubahan, super user
A8: Cukup Dimonitor | B8: Power ≤ 3 dan Interest ≤ 3 | C8: Low Power – Low Interest (Monitor) | D8: Pantau dengan usaha minimal; naikkan prioritas bila posisinya berubah. | E8: =COUNTIF('Stakeholder Map'!$I$6:$I$17,A8) -> 1 | F8: Supplier Obat | G8: Pemberitahuan seperlunya, tinjau posisi pada setiap fase proyek
A9: Total | E9: =SUM(E5:E8) -> 12

Sheet Power-Interest Grid
A1: Power–Interest Grid – Sistem Informasi Klinik
A2: Sumbu vertikal = Power, sumbu horizontal = Interest. Penempatan nama mengikuti nilai pada sheet Stakeholder Map (nilai saat ini).
A4: POWER ↑ | B4: 5 | F4: Pemilik Klinik | G4: Kepala Klinik
B5: 4 | D5: Regulator | E5: Vendor Pengembang | G5: Divisi IT Dokter
B6: 3 | F6: Apoteker Petugas Kasir/Keuangan | G6: Perawat
B7: 2 | D7: Supplier Obat | F7: Pasien | G7: Petugas Pendaftaran
B8: 1
C9: 1 | D9: 2 | E9: 3 | F9: 4 | G9: 5
C10: INTEREST →
D12: High Power – High Interest (Manage Closely) → Kelola Secara Dekat
D13: High Power – Low Interest (Keep Satisfied) → Jaga Kepuasan
D14: Low Power – High Interest (Keep Informed) → Libatkan & Komunikasi Rutin
D15: Low Power – Low Interest (Monitor) → Cukup Dimonitor
